sample_id,Cl_mgL,Dam.Upstream.Site,del18O_permil,del2H_permil,F_mgL,General_Vegetation,Hydrogeomorphology,Intermittent_or_Perennial,03_mgL,02_mgL,Number.Days.Since.Precip,pH,Precipitation.Within.Week,Primary.Sources.Flow.Variation,Sediment,SO4_mgL,Stream_Order,Temp_degC,altS,MAT,MAP,cluster
SW_S19S.0003_U_1,0.3,1,-18.75,-140,0.07,15,2,1,0.19,0.04,1,6,1,12,3,9.8,7,17,347,8.7,299,sw_2
SW_S19S.0003_U_2,0.31,1,NA,NA,0.07,15,2,1,0.23,0.04,1,6,1,12,3,8.03,7,17,347,8.7,299,sw_2
SW_S19S.0003_U_3,0.31,1,NA,NA,0.06,15,2,1,0.23,0.04,1,6,1,12,3,8.62,7,17,347,8.7,299,sw_0
SW_S19S.0004_U_1,1.83,1,-17.13,-129.3,0.07,7,2,1,0.12,0.04,1,6.5,1,12,1,6.53,6,18,346,7.7,449,sw_0
SW_S19S.0004_U_2,2,1,NA,NA,0.08,7,2,1,0.12,0.04,1,6.5,1,12,1,6.66,6,18,346,7.7,449,sw_0
SW_S19S.0004_U_3,NA,1,NA,NA,,7,2,1,,,1,6.5,1,12,1,,6,18,346,7.7,449,sw_0
SW_S19S.0005_U_1,31.94,,-10.22,-91.5,0.13,17,2,2,0.12,0.04,,8,NA,20,3,242.56,,22,,,,sw_0
SW_S19S.0005_U_2,33.9,,NA,NA,0.16,17,2,2,0.96,0.04,,8,NA,20,3,259.29,,22,,,,sw_0
SW_S19S.0005_U_3,34.06,,NA,NA,0.16,17,2,2,0.38,0.04,,8,NA,20,3,262.38,,22,,,,sw_0
SW_S19S.0006_U_1,311.31,1,NA,NA,0.02,3,1,1,6.43,0.04,6,7.5,0,5,1,33.45,2,25.7,115,12.5,1118,sw_0
SW_S19S.0006_U_2,286.25,1,NA,NA,0.12,3,1,1,6.1,0.04,6,7.5,0,5,1,30.48,2,25.7,115,12.5,1118,sw_0
SW_S19S.0006_U_3,284.53,1,NA,NA,0.09,3,1,1,6.14,0.04,6,7.5,0,5,1,29.97,2,25.7,115,12.5,1118,sw_0
SW_S19S.0007_U_1,0.39,1,-12.35,-84.3,0.04,14,2,1,0.12,0.04,3,6.5,0,9,2,0.19,1,11.2,1792,9.1,907,sw_2
SW_S19S.0007_U_2,0.41,1,NA,NA,0.03,14,2,1,0.41,0.04,3,6.5,0,9,2,0.24,1,11.2,1792,9.1,907,sw_2
SW_S19S.0007_U_3,0.38,1,NA,NA,0.04,14,2,1,0.12,0.04,3,6.5,0,9,2,0.18,1,11.2,1792,9.1,907,sw_1
SW_S19S.0008_U_1,0.22,1,-12.61,-86.4,0.03,14,2,1,0.12,0.04,,6.5,1,9,2,0.23,1,12.6,2144,7.2,854,sw_2
SW_S19S.0008_U_2,0.21,1,NA,NA,0.02,14,2,1,0.12,0.04,,6.5,1,9,2,0.24,1,12.6,2144,7.2,854,sw_2
SW_S19S.0008_U_3,0.21,1,NA,NA,0.03,14,2,1,0.12,0.04,,6.5,1,9,2,0.22,1,12.6,2144,7.2,854,sw_2
SW_S19S.0009_U_1,6.96,1,-16.86,-127.9,0.21,3,1,1,0.12,0.04,,8,1,5,3,160.13,6,25.6,1504,7.4,209,sw_0
SW_S19S.0009_U_2,6.73,1,NA,NA,0.23,3,1,1,0.12,0.04,,8,1,5,3,157.71,6,25.6,1504,7.4,209,sw_0
SW_S19S.0010_U_1,7.44,1,-2.9,-13.4,0.11,10,1,1,0.85,0.04,4,6.7,1,5,3,13.55,7,30,18,19.2,1255,sw_0
SW_S19S.0010_U_2,7.24,1,NA,NA,0.11,10,1,1,0.81,0.04,4,6.7,1,5,3,13.32,7,30,18,19.2,1255,sw_0
SW_S19S.0010_U_3,7.31,1,NA,NA,0.1,10,1,1,0.84,0.04,4,6.7,1,5,3,13.39,7,30,18,19.2,1255,sw_0
SW_S19S.0011_U_1,3.07,2,-4.31,-20.6,0.07,4,2,1,2.99,0.04,1,6.7,1,5,3,3.03,5,24,195,16.3,1251,sw_0
SW_S19S.0011_U_2,3.09,2,NA,NA,0.07,4,2,1,2.97,0.04,1,6.7,1,5,3,3.01,5,24,195,16.3,1251,sw_0
SW_S19S.0011_U_3,3.13,2,NA,NA,0.09,4,2,1,2.96,0.04,1,6.7,1,5,3,3.31,5,24,195,16.3,1251,sw_0
SW_S19S.0012_U_1,20.29,1,-8.05,-49.8,0.06,0,2,1,0.31,0.04,6,6.5,1,5,1,4.07,2,18.2,233,7.4,1166,sw_0
SW_S19S.0012_U_2,20.49,1,NA,NA,0.06,0,2,1,0.39,0.04,6,6.5,1,5,1,4,2,18.2,233,7.4,1166,sw_0
SW_S19S.0012_U_3,20.64,1,NA,NA,0.06,0,2,1,0.37,0.04,6,6.5,1,5,1,4.01,2,18.2,233,7.4,1166,sw_0
SW_S19S.0013_U_1,2.85,1,-7.98,-47.5,0.06,0,1,1,0.97,0.04,1,6.5,1,9,1,3.17,1,21.1,316,11.2,1011,sw_0
SW_S19S.0013_U_2,2.79,1,NA,NA,0.05,0,1,1,0.8,0.04,1,6.5,1,9,1,3.1,1,21.1,316,11.2,1011,sw_0
SW_S19S.0013_U_3,2.82,1,NA,NA,0.06,0,1,1,0.89,0.05,1,6.5,1,9,1,3.12,1,21.1,316,11.2,1011,sw_0
SW_S19S.0014_U_1,19.97,1,-7.9,-49.2,0.21,0,1,1,12.19,0.04,1,7.5,1,11,3,18.52,2,18.8,135,12,972,sw_1
SW_S19S.0014_U_2,19.01,1,NA,NA,0.22,0,1,1,12,0.04,1,7.5,1,11,3,17.47,2,18.8,135,12,972,sw_1
SW_S19S.0014_U_3,19.19,1,NA,NA,0.22,0,1,1,11.93,0.04,1,7.5,1,11,3,17.59,2,18.8,135,12,972,sw_1
SW_S19S.0015_U_1,6.12,3,-3.51,-19.6,0.07,8,1,1,4.28,0.04,,7,1,8,2,4.23,7,28.2,47,19.3,1331,sw_0
SW_S19S.0015_U_2,6.06,3,NA,NA,0.07,8,1,1,4.08,0.04,,7,1,8,2,4.18,7,28.2,47,19.3,1331,sw_0
SW_S19S.0015_U_3,5.99,3,NA,NA,0.06,8,1,1,3.97,0.04,,7,1,8,2,4.12,7,28.2,47,19.3,1331,sw_0
SW_S19S.0016_U_1,1.9,1,-6.01,-38.9,0.36,2,1,0,0.12,0.04,0,7.5,1,5,1,36.2,2,18.5,341,12.2,859,sw_1
SW_S19S.0016_U_2,1.77,1,NA,NA,0.32,2,1,0,0.12,0.04,0,7.5,1,5,1,34.49,2,18.5,341,12.2,859,sw_2
SW_S19S.0016_U_3,1.71,1,NA,NA,0.34,2,1,0,0.12,0.04,0,7.5,1,5,1,33.63,2,18.5,341,12.2,859,sw_1
SW_S19S.0017_U_1,2.52,1,-4.57,-26.9,0.16,1,1,1,1.2,0.04,0,7.5,1,5,1,8.08,3,20.7,392,12.1,876,sw_0
SW_S19S.0017_U_2,2.45,1,NA,NA,0.14,1,1,1,1.28,0.04,0,7.5,1,5,1,8.04,3,20.7,392,12.1,876,sw_0
SW_S19S.0017_U_3,2.43,1,NA,NA,0.19,1,1,1,1.27,0.04,0,7.5,1,5,1,8.25,3,20.7,392,12.1,876,sw_0
SW_S19S.0018_U_3,0.39,,NA,NA,0.06,11,2,1,0.71,0.04,1,6.5,1,9,1,1.52,2,18.3,615,12.2,1380,sw_2
SW_S19S.0019_U_1,0.81,1,-6.15,-34.5,0.05,0,2,1,0.23,0.04,1,8,1,9,1,1.56,1,18.3,271,13.9,1352,sw_1
SW_S19S.0019_U_3,0.89,1,NA,NA,0.05,0,2,1,0.24,0.04,1,8,1,9,1,1.72,1,18.3,271,13.9,1352,sw_2
SW_S19S.0020_U_1,11.81,3,-2.62,-16.6,0.09,11,2,1,0.38,0.04,,7.5,0,5,2,36.24,7,30.5,25,18.1,1496,sw_0
SW_S19S.0020_U_2,11.77,3,NA,NA,0.09,11,2,1,0.28,0.04,,7.5,0,5,2,36.68,7,30.5,25,18.1,1496,sw_0
SW_S19S.0020_U_3,11.76,3,NA,NA,0.09,11,2,1,0.34,0.04,,7.5,0,5,2,36.38,7,30.5,25,18.1,1496,sw_0
SW_S19S.0021_U_1,13.06,3,-3.75,-22,0.11,11,2,1,0.12,0.04,,7.5,0,5,3,64.12,6,33.4,36,17.5,1389,sw_0
SW_S19S.0021_U_2,13.64,3,NA,NA,0.12,11,2,1,0.12,0.04,,7.5,0,5,3,63.66,6,33.4,36,17.5,1389,sw_0
SW_S19S.0021_U_3,13.04,3,NA,NA,0.1,11,2,1,0.12,0.04,,7.5,0,5,3,64.18,6,33.4,36,17.5,1389,sw_0
SW_S19S.0022_U_1,1.49,1,-4.31,-20.2,0.07,5,1,1,0.12,0.04,2,7,1,5,2,0.54,7,22.3,146,17,1436,sw_2
SW_S19S.0022_U_2,1.45,1,NA,NA,0.07,5,1,1,0.17,0.04,2,7,1,5,2,0.69,7,22.3,146,17,1436,sw_2
SW_S19S.0022_U_3,1.46,1,NA,NA,0.05,5,1,1,0.12,0.04,2,7,1,5,2,0.68,7,22.3,146,17,1436,sw_0
SW_S19S.0023_U_1,4.86,1,-8.69,-69.4,1.31,2,1,0,0.19,0.04,,7.5,0,13,2,1.55,4,24.7,1188,10.3,426,sw_0
SW_S19S.0023_U_2,4.62,1,NA,NA,1.23,2,1,0,0.12,0.04,,7.5,0,13,2,1.52,4,24.7,1188,10.3,426,sw_0
SW_S19S.0023_U_3,4.7,1,NA,NA,1.24,2,1,0,0.12,0.04,,7.5,0,13,2,1.55,4,24.7,1188,10.3,426,sw_0
SW_S19S.0024_U_1,2.79,1,-4.86,-28.7,0.08,2,2,1,1.71,0.04,5,7,1,5,0,5.13,4,25.9,297,16.2,1008,sw_1
SW_S19S.0025_U_1,100.78,1,-4.11,-25.9,0.19,11,2,1,0.12,0.04,0,7,1,10,2,27.12,3,26,284,17.8,836,sw_0
SW_S19S.0025_U_2,105.86,1,NA,NA,0.23,11,2,1,0.12,0.04,0,7,1,10,2,28.6,3,26,284,17.8,836,sw_0
SW_S19S.0025_U_3,99.36,1,NA,NA,0.2,11,2,1,0.12,0.04,0,7,1,10,2,26.51,3,26,284,17.8,836,sw_0
SW_S19S.0026_U_1,0.16,1,-17.17,-125.8,0.04,11,1,1,0.12,0.04,,6,1,5,0,1.22,1,9.5,3033,0.9,646,sw_2
SW_S19S.0026_U_2,0.16,1,NA,NA,0.03,11,1,1,0.12,0.04,,6,1,5,0,0.55,1,9.5,3033,0.9,646,sw_2
SW_S19S.0026_U_3,0.16,1,NA,NA,0.04,11,1,1,0.12,0.04,,6,1,5,0,1.2,1,9.5,3049,0.4,616,sw_2
SW_S19S.0027_U_1,0.2,1,-16.04,-121.5,0.04,14,1,1,0.12,0.04,1,6.5,1,12,1,1.99,1,7.1,3049,0.4,616,sw_2
SW_S19S.0027_U_2,0.16,1,NA,NA,0.05,14,1,1,0.12,0.04,1,6.5,1,12,1,1.93,1,7.1,3049,0.4,616,sw_2
SW_S19S.0027_U_3,0.16,1,NA,NA,0.04,14,1,1,0.12,0.04,1,6.5,1,12,1,1.99,1,7.1,664,19.5,414,sw_2
SW_S19S.0028_U_1,10.98,1,-8.44,-59.3,0.57,3,0,0,0.12,0.04,0,7.5,1,5,2,14.1,4,23.8,664,19.5,414,sw_2
SW_S19S.0028_U_2,10.87,1,NA,NA,0.6,3,0,0,0.12,0.04,0,7.5,1,5,2,13.85,4,23.8,664,19.5,414,sw_2
SW_S19S.0028_U_3,10.79,1,NA,NA,0.57,3,0,0,0.12,0.04,0,7.5,1,5,2,13.64,4,23.8,1788,7.5,641,sw_2
SW_S19S.0029_U_2,10.25,1,NA,NA,0.12,0,1,1,0.24,0.04,5,7.5,1,5,1,75.5,3,12,1788,7.5,641,sw_2
SW_S19S.0029_U_3,10.08,1,NA,NA,0.11,0,1,1,0.12,0.04,5,7.5,1,5,1,74.24,3,12,1788,7.5,641,sw_2
SW_S19S.0030_U_1,0.67,1,-10.36,-70.1,0.03,11,1,1,0.24,0.04,2,6,1,5,1,0.3,2,14.7,344,9.6,2524,sw_2
SW_S19S.0030_U_3,0.79,1,NA,NA,0.03,11,1,1,6.61,0.04,2,6,1,5,1,0.35,2,14.7,344,9.6,2524,sw_1
SW_S19S.0031_U_1,0.55,1,-10.44,-75.7,0.02,11,1,1,0.12,0.04,,6,0,14,1,0.26,1,12.4,958,7.2,1845,sw_2
SW_S19S.0031_U_2,0.53,1,NA,NA,0.02,11,1,1,0.12,0.04,,6,0,14,1,0.25,1,12.4,958,7.2,1845,sw_1
SW_S19S.0031_U_3,1.26,1,NA,NA,0.03,11,1,1,0.12,0.05,,6,0,14,1,2.6,1,12.4,958,7.2,1845,sw_1
SW_S19S.0032_U_1,0.47,1,-12.63,-87.7,0.03,14,1,1,0.18,0.04,,7,0,5,1,2.18,1,13.1,2043,7.8,859,sw_2
SW_S19S.0032_U_2,1.99,1,NA,NA,0.09,14,1,1,0.12,0.04,,7,0,5,1,1.52,1,13.1,2043,7.8,859,sw_2
SW_S19S.0032_U_3,0.22,1,NA,NA,0.02,14,1,1,0.12,0.04,,7,0,5,1,0.16,1,13.1,2043,7.8,859,sw_2
SW_S19S.0033_U_2,22.6,1,NA,NA,0.41,11,1,1,0.12,0.04,,7,0,5,1,9.56,2,16.6,1195,12.6,812,sw_2
SW_S19S.0033_U_3,22.51,1,NA,NA,0.38,11,1,1,0.12,0.04,,7,0,5,1,9.12,2,16.6,1195,12.6,812,sw_2
SW_S19S.0034_U_1,0.5,1,-11.76,-84.5,0.05,13,2,1,1.17,0.04,1,7,1,5,1,3.5,1,13.8,2691,4.6,612,sw_2
SW_S19S.0034_U_2,0.45,1,NA,NA,0.05,13,2,1,1.12,0.04,1,7,1,5,1,3.62,1,13.8,2691,4.6,612,sw_2
SW_S19S.0034_U_3,0.24,1,NA,NA,0.04,13,2,1,1.18,0.04,1,7,1,5,1,1.48,1,13.8,2691,4.6,612,sw_2
SW_S19S.0035_U_1,1.93,1,-7.12,-44.6,0.27,11,2,1,0.12,0.04,1,6.5,1,5,1,3.65,1,18.4,1334,16.9,478,sw_2
SW_S19S.0035_U_2,1.88,1,NA,NA,0.26,11,2,1,0.12,0.04,1,6.5,1,5,1,3.53,1,18.4,1334,16.9,478,sw_2
SW_S19S.0035_U_3,NA,1,NA,NA,,11,2,1,,,1,6.5,1,5,1,,1,18.4,1334,16.9,478,sw_2
SW_S19S.0036_U_1,2.23,2,-17.24,-131.3,0.11,0,2,1,0.89,0.04,,7,0,0,1,12.11,8,11,112,12,184,sw_0
SW_S19S.0036_U_2,1.95,2,NA,NA,0.09,0,2,1,1.05,0.04,,7,0,0,1,11.52,8,11,112,12,184,sw_2
SW_S19S.0036_U_3,2.09,2,NA,NA,0.1,0,2,1,0.99,0.04,,7,0,0,1,11.77,8,11,112,12,184,sw_0
SW_S19S.0037_U_1,13.43,1,-7.24,-42.3,0.05,7,2,1,18.17,0.04,3,6.5,1,5,1,18,2,19.4,101,11.5,1127,sw_2
SW_S19S.0037_U_2,14.04,1,NA,NA,0.05,7,2,1,18.11,0.04,3,6.5,1,5,1,18.7,2,19.4,101,11.5,1127,sw_0
SW_S19S.0038_U_1,12.44,1,-7.35,-43.5,0.04,0,2,1,18.18,0.04,3,6.5,1,5,1,17.88,2,19.5,110,11.4,1131,sw_2
SW_S19S.0038_U_2,12.52,1,NA,NA,0.05,0,2,1,18.55,0.04,3,6.5,1,5,1,17.95,2,19.5,110,11.4,1131,sw_1
SW_S19S.0038_U_3,12.44,1,NA,NA,0.06,0,2,1,18.5,0.04,3,6.5,1,5,1,17.85,2,19.5,110,11.4,1131,sw_0
SW_S19S.0039_U_1,9.67,1,-3.8,-18.6,0.16,2,1,1,7.82,0.11,1,7.5,1,5,1,13.28,3,22.8,239,14,1348,sw_0
SW_S19S.0039_U_2,9.73,1,NA,NA,0.18,2,1,1,7.87,0.1,1,7.5,1,5,1,13.48,3,22.8,239,14,1348,sw_0
SW_S19S.0039_U_3,9.59,1,NA,NA,0.19,2,1,1,7.95,0.1,1,7.5,1,5,1,13.46,3,22.8,239,14,1348,sw_0
SW_S19S.0040_U_2,1.58,1,NA,NA,0.34,17,1,0,0.12,0.04,3,7.5,1,5,1,31.14,1,21.7,370,12.1,865,sw_2
SW_S19S.0040_U_3,1.74,1,NA,NA,0.32,17,1,0,0.12,0.04,3,7.5,1,5,1,31.19,1,21.7,370,12.1,865,sw_2
SW_S19S.0041_U_1,2.72,2,-15.21,-116.3,0.11,2,0,1,0.12,0.04,2,6.5,1,8,2,4.66,6,20,871,8.5,246,sw_2
SW_S19S.0041_U_2,2.83,2,NA,NA,0.1,2,0,1,0.12,0.04,2,6.5,1,8,2,4.85,6,20,871,8.5,246,sw_2
SW_S19S.0041_U_3,2.8,2,NA,NA,0.1,2,0,1,0.12,0.04,2,6.5,1,8,2,4.76,6,20,871,8.5,246,sw_0
SW_S19S.0042_U_1,1719.1,2,0.72,8.3,0.02,4,0,1,0.54,0.04,1,8,1,17,3,209.18,1,29.1,5,23.7,1291,sw_0
SW_S19S.0042_U_2,1845.35,2,NA,NA,0.02,4,0,1,0.12,0.04,1,8,1,17,3,225.73,1,29.1,5,23.7,1291,sw_0
SW_S19S.0042_U_3,1625.46,2,NA,NA,0.02,4,0,1,0.12,0.04,1,8,1,17,3,200.39,1,29.1,5,23.7,1291,sw_0
SW_S19S.0043_U_1,35.22,1,-8.45,-55,0.1,17,1,1,50.69,0.04,,7.5,0,5,3,22.81,3,15.7,262,7.7,799,sw_0
SW_S19S.0043_U_2,37.82,1,NA,NA,0.1,17,1,1,46.8,0.04,,7.5,0,5,3,25.12,3,15.7,262,7.7,799,sw_0
SW_S19S.0043_U_3,36.76,1,NA,NA,0.1,17,1,1,50.78,0.04,,7.5,0,5,3,23.48,3,15.7,262,7.7,799,sw_2
SW_S19S.0044_U_1,7.5,1,-3.68,-20.9,0.05,8,1,1,0.4,0.04,1,6,1,17,3,4.68,3,24,6,18.1,1268,sw_0
SW_S19S.0044_U_2,7.54,1,NA,NA,0.05,8,1,1,0.21,0.04,1,6,1,17,3,4.45,3,24,6,18.1,1268,sw_2
SW_S19S.0044_U_3,7.64,1,NA,NA,0.06,8,1,1,1.31,0.04,1,6,1,17,3,4.64,3,24,6,18.1,1268,sw_2
SW_S19S.0045_U_1,96.69,1,-8.12,-58.8,0.12,2,2,1,32.71,0.29,3,7.7,1,19,2,121.39,,20.4,46,9.1,549,sw_0
SW_S19S.0045_U_2,105.05,1,NA,NA,0.16,2,2,1,32.99,0.29,3,7.7,1,19,2,132.65,,20.4,46,9.1,549,sw_0
SW_S19S.0045_U_3,95.96,1,NA,NA,0.13,2,2,1,32.79,0.27,3,7.7,1,19,2,120.28,,20.4,46,9.1,549,sw_0
SW_S19S.0047_U_1,0.16,1,-17.38,-134.8,0.05,16,1,1,0.12,0.04,0,6.5,1,5,1,33.61,,8.5,750,-11.4,225,sw_2
SW_S19S.0047_U_2,0.16,1,NA,NA,0.04,16,1,1,0.12,0.04,0,6.5,1,5,1,18.9,,8.5,750,-11.4,225,sw_2
SW_S19S.0047_U_3,0.16,1,NA,NA,0.04,16,1,1,0.15,0.04,0,6.5,1,5,1,33.22,,8.5,750,-11.4,225,sw_0
SW_S19S.0048_U_1,7.74,1,-2.76,-8.4,0.02,4,1,1,1.29,0.04,2,7.5,1,5,1,3.49,,24.5,,,,sw_1
SW_S19S.0048_U_2,7.78,1,NA,NA,0.02,4,1,1,1.31,0.04,2,7.5,1,5,1,3.73,,24.5,,,,sw_1
SW_S19S.0048_U_3,7.71,1,NA,NA,0.03,4,1,1,1.28,0.04,2,7.5,1,5,1,3.49,,24.5,,,,sw_2
SW_S19S.0049_U_1,6.64,1,-3.23,-12.3,0.06,7,2,1,0.66,0.04,,7.5,1,5,1,4.86,,22.9,603,21.8,2421,sw_0
SW_S19S.0049_U_2,6.53,1,NA,NA,0.06,7,2,1,0.63,0.04,,7.5,1,5,1,4.75,,22.9,603,21.8,2421,sw_1
SW_S19S.0049_U_3,6.45,1,NA,NA,0.06,7,2,1,0.59,0.04,,7.5,1,5,1,4.71,,22.9,603,21.8,2421,sw_2
SW_S19S.0050_U_1,0.38,1,-18.68,-142.4,0.04,16,1,0,0.12,0.04,0,6.5,1,4,1,5.25,,9.6,730,-11.3,225,sw_2
SW_S19S.0050_U_2,0.27,1,NA,NA,0.04,16,1,0,0.12,0.04,0,6.5,1,4,1,4.02,,9.6,730,-11.3,225,sw_2
SW_S19S.0050_U_3,0.21,1,NA,NA,0.03,16,1,0,0.12,0.04,0,6.5,1,4,1,2.57,,9.6,730,-11.3,225,sw_0
SW_S19S.0051_U_1,0.16,1,-17.64,-136.7,0.06,3,1,1,1.23,0.04,0,6.5,1,20,1,2.68,,4.5,132,-2.8,310,sw_2
SW_S19S.0051_U_2,0.16,1,NA,NA,0.04,3,1,1,1.21,0.04,0,6.5,1,20,1,2.58,,4.5,132,-2.8,310,sw_2
SW_S19S.0051_U_3,0.16,1,NA,NA,0.04,3,1,1,1.27,0.04,0,6.5,1,20,1,2.58,,4.5,132,-2.8,310,sw_2
SW_S19S.0052_U_1,16.75,,-9.52,-60.3,0.04,11,2,1,0.41,0.04,,6.5,NA,20,1,3.87,2,20.3,417,7.1,1052,sw_0
SW_S19S.0052_U_2,16.6,,NA,NA,0.04,11,2,1,0.45,0.04,,6.5,NA,20,1,3.82,2,20.3,417,7.1,1052,sw_2
SW_S19S.0052_U_3,16.81,,NA,NA,0.04,11,2,1,0.41,0.04,,6.5,NA,20,1,3.74,2,20.3,417,7.1,1052,sw_0
SW_S19S.0053_U_1,58.81,,-7.66,-47.6,0.05,3,1,0,2.89,0.04,,6.5,NA,20,2,14.99,1,22.78,48,9.6,1172,sw_0
SW_S19S.0053_U_2,59.25,,NA,NA,0.04,3,1,0,2.99,0.04,,6.5,NA,20,2,15.19,1,22.78,48,9.6,1172,sw_0
SW_S19S.0053_U_3,59.8,,NA,NA,0.05,3,1,0,2.93,0.04,,6.5,NA,20,2,15.47,1,22.78,48,9.6,1172,sw_0
SW_S19S.0054_U_1,18.79,1,-4.32,-27.4,0.08,16,1,1,0.12,0.04,1,6.7,1,5,3,7.06,5,29.1,2,14.3,1101,sw_0
SW_S19S.0054_U_2,18.83,1,NA,NA,0.1,16,1,1,0.12,0.04,1,6.7,1,5,3,6.81,5,29.1,2,14.3,1101,sw_0
SW_S19S.0054_U_3,19.28,1,NA,NA,0.08,16,1,1,0.12,0.04,1,6.7,1,5,3,6.94,5,29.1,2,14.3,1101,sw_2
SW_S19S.0055_U_1,79.08,1,-14.34,-113.1,0.39,2,1,1,3.63,0.04,,7.5,0,5,1,38.73,4,20.1,715,8.7,526,sw_0
SW_S19S.0055_U_2,75.34,1,NA,NA,0.41,2,1,1,3.64,0.04,,7.5,0,5,1,36.6,4,20.1,715,8.7,526,sw_0
SW_S19S.0055_U_3,69.51,1,NA,NA,0.35,2,1,1,3.09,0.04,,7.5,0,5,1,33.87,4,20.1,715,8.7,526,sw_0
SW_S19S.0056_U_1,17.75,3,-7.68,-58,0.15,17,2,1,2.93,0.07,4,6.5,1,5,2,24.1,,31,68,14.2,1433,sw_1
SW_S19S.0056_U_2,16.8,3,NA,NA,0.15,17,2,1,2.9,0.06,4,6.5,1,5,2,23.31,,31,68,14.2,1433,sw_0
SW_S19S.0057_U_1,1.31,1,-4.13,-20.6,0.03,3,0,0,0.12,0.04,6,7,1,5,3,0.39,2,25.3,86,17.2,1183,sw_0
SW_S19S.0057_U_2,1.31,1,NA,NA,0.04,3,0,0,0.12,0.04,6,7,1,5,3,0.7,2,25.3,86,17.2,1183,sw_0
SW_S19S.0057_U_3,1.31,1,NA,NA,0.03,3,0,0,0.12,0.04,6,7,1,5,3,0.4,2,25.3,86,17.2,1183,sw_0
SW_S19S.0058_U_1,14.32,1,NA,NA,0.09,6,1,1,7.05,0.04,,7.5,0,5,3,15.74,,26,-164,21.9,412,sw_1
SW_S19S.0058_U_2,13.98,1,-6.83,-34.1,0.1,6,1,1,7.05,0.04,,7.5,0,5,3,15.81,,26,-164,21.9,412,sw_1
SW_S19S.0058_U_3,14.26,1,NA,NA,0.09,6,1,1,6.89,0.04,,7.5,0,5,3,15.97,,26,-164,21.9,412,sw_2
SW_S19S.0059_U_1,0.45,1,-15.1,-109.8,0.07,14,1,1,0.12,0.04,0,6.5,1,5,2,4.94,1,11,978,6.3,640,sw_2
SW_S19S.0059_U_2,0.46,1,NA,NA,0.07,14,1,1,0.12,0.04,0,6.5,1,5,2,3.69,1,11,978,6.3,640,sw_2
SW_S19S.0059_U_3,0.45,1,NA,NA,0.07,14,1,1,0.12,0.04,0,6.5,1,5,2,4.55,1,11,978,6.3,640,sw_2
SW_S19S.0060_U_1,8.63,3,-12.76,-96.9,0.15,2,2,1,5.69,0.04,,8,0,8,1,16.44,7,25.6,146,11.8,191,sw_0
SW_S19S.0060_U_2,8.64,3,NA,NA,0.15,2,2,1,5.04,0.04,,8,0,8,1,16.82,7,25.6,146,11.8,191,sw_0
SW_S19S.0060_U_3,8.58,3,NA,NA,0.14,2,2,1,5.05,0.04,,8,0,8,1,16.18,7,25.6,146,11.8,191,sw_2
SW_S19S.0061_U_1,28.24,1,-7.5,-49.2,0.08,17,2,1,9.84,0.08,1,7.5,1,5,3,11.81,1,16.9,280,7.6,811,sw_0
SW_S19S.0061_U_2,27.15,1,NA,NA,0.09,17,2,1,9.46,0.08,1,7.5,1,5,3,11.34,1,16.9,280,7.6,811,sw_0
SW_S19S.0061_U_3,26.34,1,NA,NA,0.09,17,2,1,9.53,0.08,1,7.5,1,5,3,10.88,1,16.9,280,7.6,811,sw_0
SW_S19S.0062_U_1,0.9,2,-16.81,-123.2,0.11,3,2,1,0.12,0.04,4,7.5,1,5,1,13.78,5,14.2,2367,3,313,sw_0
SW_S19S.0062_U_2,0.44,2,NA,NA,0.07,3,2,1,0.12,0.04,4,7.5,1,5,1,4.94,5,14.2,2367,3,313,sw_0
SW_S19S.0062_U_3,0.87,2,NA,NA,0.11,3,2,1,0.12,0.04,4,7.5,1,5,1,13.59,5,14.2,2367,3,313,sw_0
SW_S19S.0063_U_1,29.88,3,-2.72,-19.5,0.17,5,1,1,1.85,0.04,,7.5,0,0,1,29.2,6,24,142,20.2,808,sw_0
SW_S19S.0063_U_2,28.28,3,NA,NA,0.18,5,1,1,1.75,0.04,,7.5,0,0,1,27.58,6,24,142,20.2,808,sw_0
SW_S19S.0063_U_3,28.89,3,NA,NA,0.17,5,1,1,1.82,0.04,,7.5,0,0,1,28.02,6,24,142,20.2,808,sw_0
SW_S19S.0064_U_1,6.73,2,-7.1,-51.1,0.05,2,2,1,5.07,0.06,5,7.7,1,5,1,16.86,4,23.5,227,10.1,968,sw_2
SW_S19S.0064_U_2,6.85,2,NA,NA,0.04,2,2,1,4.99,0.08,5,7.7,1,5,1,17.46,4,23.5,227,10.1,968,sw_0
SW_S19S.0064_U_3,6.71,2,NA,NA,0.06,2,2,1,4.92,0.05,5,7.7,1,5,1,16.5,4,23.5,227,10.1,968,sw_0
SW_S19S.0065_U_1,4.31,2,-7.16,-49.6,0.08,12,1,1,0.12,0.04,,5,0,6,1,11.2,5,22.1,20,14,1024,sw_0
SW_S19S.0065_U_2,4.28,2,NA,NA,0.08,12,1,1,0.12,0.04,,5,0,6,1,10.91,5,22.1,20,14,1024,sw_0
SW_S19S.0065_U_3,4.35,2,NA,NA,0.1,12,1,1,0.12,0.04,,5,0,6,1,11.01,5,22.1,20,14,1024,sw_0
SW_S19S.0066_U_1,3.85,3,-13.12,-96.5,0.24,17,0,1,0.69,0.04,7,6.5,1,7,2,21.56,7,31.2,1524,13.4,221,sw_0
SW_S19S.0066_U_2,3.78,3,NA,NA,0.22,17,0,1,0.66,0.04,7,6.5,1,7,2,21.12,7,31.2,1524,13.4,221,sw_0
SW_S19S.0067_U_1,12.15,1,-8.77,-57.9,0.08,17,1,1,6.71,0.04,4,7.5,1,5,1,15.3,3,20.63,280,8.8,909,sw_0
SW_S19S.0067_U_2,11.95,1,NA,NA,0.08,17,1,1,6.54,0.04,4,7.5,1,5,1,15.08,3,20.63,280,8.8,909,sw_0
SW_S19S.0067_U_3,11.25,1,NA,NA,0.08,17,1,1,6.69,0.04,4,7.5,1,5,1,14.08,3,20.63,280,8.8,909,sw_0
SW_S19S.0068_U_1,3.35,1,-10.86,-73.1,0.03,11,0,0,0.13,0.04,1,6,1,9,1,0.6,3,14.7,514,9.5,1837,sw_2
SW_S19S.0068_U_2,3.33,1,NA,NA,0.04,11,0,0,0.15,0.04,1,6,1,9,1,0.58,3,14.7,514,9.5,1837,sw_2
SW_S19S.0068_U_3,3.37,1,NA,NA,0.04,11,0,0,0.15,0.04,1,6,1,9,1,0.58,3,14.7,514,9.5,1837,sw_1
SW_S19S.0069_U_1,15.02,1,-5.86,-36.1,0.09,11,2,1,0.12,0.04,3,6.5,1,5,1,10.24,1,15,184,11.1,1160,sw_2
SW_S19S.0069_U_2,15.05,1,NA,NA,0.1,11,2,1,0.12,0.04,3,6.5,1,5,1,10.25,1,15,184,11.1,1160,sw_2
SW_S19S.0069_U_3,14.93,1,NA,NA,0.1,11,2,1,0.12,0.04,3,6.5,1,5,1,10.15,1,15,184,11.1,1160,sw_2
SW_S19S.0070_U_1,20.83,1,-6.21,-38.1,0.06,12,2,1,0.12,0.04,3,6.5,1,5,1,6.94,1,16,184,11.1,1159,sw_2
SW_S19S.0070_U_2,20.76,1,NA,NA,0.07,12,2,1,0.12,0.04,3,6.5,1,5,1,7.19,1,16,184,11.1,1159,sw_2
SW_S19S.0070_U_3,20.76,1,NA,NA,0.07,12,2,1,0.12,0.04,3,6.5,1,5,1,7.18,1,16,184,11.1,1159,sw_2
SW_S19S.0071_U_1,0.46,1,NA,NA,0.09,9,1,0,0.12,0.04,1,7,1,9,1,3.7,1,11.5,2535,3.8,485,sw_2
SW_S19S.0071_U_2,0.44,1,-16.7,-121.4,0.07,9,1,0,0.12,0.04,1,7,1,9,1,4.7,1,11.5,2535,3.8,485,sw_2
SW_S19S.0071_U_3,0.48,1,NA,NA,0.08,9,1,0,0.12,0.04,1,7,1,9,1,3.65,1,11.5,2535,3.8,485,sw_2
SW_S19S.0072_U_1,261.01,1,-8.33,-53.9,0.02,11,1,1,3.5,0.04,2,6,1,5,2,16.66,1,18.5,47,9.2,1115,sw_0
SW_S19S.0072_U_2,295.29,1,NA,NA,0.07,11,1,1,3.31,0.04,2,6,1,5,2,19.04,1,18.5,47,9.2,1115,sw_0
SW_S19S.0072_U_3,282.66,1,NA,NA,0.02,11,1,1,3.44,0.04,2,6,1,5,2,17.35,1,18.5,47,9.2,1115,sw_0
SW_S19S.0073_U_1,95.35,1,-6.18,-42.2,0.03,3,1,1,0.55,0.04,4,6.5,0,5,3,2.95,1,16.9,19,9.1,1148,sw_0
SW_S19S.0073_U_2,94.1,1,NA,NA,0.04,3,1,1,0.53,0.04,4,6.5,0,5,3,2.71,1,16.9,19,9.1,1148,sw_0
SW_S19S.0073_U_3,94.22,1,NA,NA,0.04,3,1,1,0.51,0.04,4,6.5,0,5,3,32.57,1,16.9,19,9.1,1148,sw_0
SW_S19S.0074_U_1,1.27,2,-16.04,-124.4,0.09,16,2,1,0.43,0.04,,6.5,0,0,2,10.12,8,11,110,12,184,sw_0
SW_S19S.0074_U_2,1.21,2,NA,NA,0.08,16,2,1,0.39,0.04,,6.5,0,0,2,9.82,8,11,110,12,184,sw_0
SW_S19S.0074_U_3,1.25,2,NA,NA,0.08,16,2,1,0.39,0.04,,6.5,0,0,2,9.86,8,11,110,12,184,sw_0
SW_S19S.0075_U_1,1.06,2,-17.32,-130.6,0.08,17,2,1,0.18,0.04,,6.5,0,0,1,9.54,8,11,115,11.8,176,sw_0
SW_S19S.0075_U_2,1.04,2,NA,NA,0.08,17,2,1,0.19,0.04,,6.5,0,0,1,9.49,8,11,115,11.8,176,sw_0
SW_S19S.0075_U_3,1.08,2,NA,NA,0.07,17,2,1,0.18,0.04,,6.5,0,0,1,9.12,8,11,115,11.8,176,sw_2
SW_S19S.0076_U_1,1.45,2,-16.96,-128.5,0.09,7,0,0,0.12,0.04,,6.5,0,0,3,9.87,8,14,116,11.8,176,sw_0
SW_S19S.0076_U_2,1.36,2,NA,NA,0.09,7,0,0,0.12,0.04,,6.5,0,0,3,9.77,8,14,116,11.8,176,sw_0
SW_S19S.0076_U_3,1.31,2,NA,NA,0.08,7,0,0,0.15,0.04,,6.5,0,0,3,9.85,8,14,116,11.8,176,sw_0
SW_S19S.0077_U_1,0.78,1,-16.69,-122.2,0.16,17,2,1,0.12,0.04,,6.5,0,5,1,3.47,6,18,1602,8.7,368,sw_0
SW_S19S.0077_U_2,0.62,1,NA,NA,0.16,17,2,1,0.12,0.04,,6.5,0,5,1,2.52,6,18,1602,8.7,368,sw_2
SW_S19S.0077_U_3,0.75,1,NA,NA,0.18,17,2,1,0.12,0.04,,6.5,0,5,1,3.6,6,18,1602,8.7,368,sw_2
SW_S19S.0078_U_1,3.5,1,-7.86,-57.6,0.06,11,2,1,0.12,0.04,,7,0,5,2,8.6,2,19,176,11.8,1277,sw_0
SW_S19S.0078_U_2,3.51,1,NA,NA,0.07,11,2,1,0.12,0.04,,7,0,5,2,8.35,2,19,176,11.8,1277,sw_2
SW_S19S.0078_U_3,3.48,1,NA,NA,0.06,11,2,1,0.12,0.04,,7,0,5,2,8.13,2,19,176,11.8,1277,sw_0
SW_S19S.0079_U_1,3.7,1,-11.88,-87,0.07,11,0,1,0.12,0.04,,7.9,0,5,2,3.7,6,19,50,12.3,1347,sw_0
SW_S19S.0079_U_2,3.67,1,NA,NA,0.06,11,0,1,0.12,0.04,,7.9,0,5,2,2.42,6,19,50,12.3,1347,sw_0
SW_S19S.0079_U_3,3.69,1,NA,NA,0.05,11,0,1,0.19,0.04,,7.9,0,5,2,2,6,19,50,12.3,1347,sw_0
SW_S19S.0080_U_1,13.76,,-12.64,-92.9,0.27,3,0,2,1.54,0.04,,8.11,NA,20,3,27.3,7,22.7,1494,13.4,214,sw_0
SW_S19S.0080_U_2,14.99,,NA,NA,0.26,3,0,2,1.27,0.04,,8.11,NA,20,3,79.17,7,22.7,1494,13.4,214,sw_0
SW_S19S.0081_U_1,92.26,,-5.6,-34.1,0.09,0,2,1,2.95,0.04,2,6.5,1,20,1,11.64,4,27,16,13,1053,sw_0
SW_S19S.0081_U_2,90.4,,NA,NA,0.1,0,2,1,2.9,0.04,2,6.5,1,20,1,11.49,4,27,16,13,1053,sw_0
SW_S19S.0081_U_3,92.06,,NA,NA,0.1,0,2,1,2.74,0.04,2,6.5,1,20,1,11.52,4,27,-3,13.3,1063,sw_0
SW_S19S.0082_U_1,3874.53,,-4.9,-32.4,0.02,7,1,1,0.12,0.04,1,7,1,20,3,515.7,3,31.4,-3,13.3,1063,sw_0
SW_S19S.0082_U_2,132,,NA,NA,0.02,7,1,1,0.12,0.04,1,7,1,20,3,561.17,3,31.4,-3,13.3,1063,sw_0
SW_S19S.0082_U_3,3964.3,,NA,NA,0.02,7,1,1,0.12,0.04,1,7,1,20,3,535.06,3,31.4,217,10.6,932,sw_0
SW_S19S.0083_U_1,48.18,1,NA,NA,0.22,0,1,1,0.61,0.04,2,7.5,1,9,2,78.7,5,25.4,217,10.6,932,sw_0
SW_S19S.0083_U_2,47.57,1,NA,NA,0.23,0,1,1,0.6,0.04,2,7.5,1,9,2,77.28,5,25.4,217,10.6,932,sw_0
SW_S19S.0083_U_3,23.94,1,NA,NA,0.19,0,1,1,0.56,0.04,2,7.5,1,9,2,40.33,5,25.4,576,4.4,1204,sw_0
SW_S19S.0084_U_1,0.4,1,-9.24,-57.5,0.04,0,2,1,0.12,0.04,0,6,1,5,1,2.66,1,17.2,576,4.4,1204,sw_2
SW_S19S.0084_U_2,0.37,1,NA,NA,0.04,0,2,1,0.12,0.04,0,6,1,5,1,2.88,1,17.2,576,4.4,1204,sw_2
SW_S19S.0084_U_3,0.37,1,NA,NA,0.04,0,2,1,0.12,0.04,0,6,1,5,1,2.85,1,17.2,947,9.7,438,sw_2
SW_S19S.0085_U_1,2.68,1,-15.83,-121.1,0.38,3,1,1,0.12,0.04,,7,0,8,1,4.04,5,NA,947,9.7,438,sw_1
SW_S19S.0085_U_2,2.66,1,NA,NA,0.37,3,1,1,0.12,0.04,,7,0,8,1,4,5,NA,947,9.7,438,sw_0
SW_S19S.0085_U_3,2.66,1,NA,NA,0.37,3,1,1,0.12,0.04,,7,0,8,1,4,5,NA,1753,7.7,640,sw_2
SW_S19S.0086_U_2,10.8,1,NA,NA,0.12,3,1,1,0.12,0.04,,8,0,9,1,80.07,3,11.5,1753,7.7,640,sw_1
SW_S19S.0086_U_3,10.95,1,NA,NA,0.13,3,1,1,0.12,0.04,,8,0,9,1,81.36,3,11.5,1753,7.7,640,sw_2
SW_S19S.0087_U_1,1.1,1,-14.54,-112.2,0.14,2,1,0,0.21,0.04,10,7.25,0,5,1,1.74,2,17.1,1508,6.7,368,sw_0
SW_S19S.0087_U_2,0.99,1,NA,NA,0.11,2,1,0,0.27,0.04,10,7.25,0,5,1,1.7,2,17.1,1508,6.7,368,sw_0
SW_S19S.0087_U_3,1.01,1,NA,NA,0.1,2,1,0,0.24,0.04,10,7.25,0,5,1,1.69,2,17.1,1508,6.7,368,sw_0
SW_S19S.0089_U_1,36.8,2,-5.38,-34.4,0.16,17,2,1,2.83,0.04,2,7,1,18,1,22.55,1,20.8,611,11.2,984,sw_0
SW_S19S.0089_U_2,36.66,2,NA,NA,0.19,17,2,1,2.66,0.04,2,7,1,18,1,22.77,1,20.8,611,11.2,984,sw_0
SW_S19S.0089_U_3,36.96,2,NA,NA,0.19,17,2,1,2.84,0.04,2,7,1,18,1,22.15,1,20.8,611,11.2,984,sw_0
SW_S19S.0090_U_2,20.52,,NA,NA,0.02,0,2,2,22.87,0.04,,6.5,NA,20,2,36.86,1,22.9,8,14.8,1056,sw_0
SW_S19S.0090_U_3,20.33,,NA,NA,0.03,0,2,2,21.93,0.04,,6.5,NA,20,2,36.47,1,22.9,8,14.8,1056,sw_0
SW_S19S.0091_U_3,1.87,1,NA,NA,0.08,3,0,1,0.22,0.04,,6.5,0,3,2,22.61,,9.6,1,3.5,1909,sw_1
SW_S19S.0092_U_1,31.81,1,NA,NA,0.17,3,2,1,53.65,1.27,,7,0,2,3,45.16,,17.3,94,9.2,660,sw_1
SW_S19S.0092_U_2,31.79,1,NA,NA,0.18,3,2,1,53.06,1.33,,7,0,2,3,44.92,,17.3,94,9.2,660,sw_1
SW_S19S.0092_U_3,32.45,1,NA,NA,0.31,3,2,1,53.6,1.48,,7,0,2,3,46.24,,17.3,94,9.2,660,sw_1
SW_S19S.0093_U_1,24.96,2,-6.64,-44.5,0.15,0,2,1,31.27,0.04,0,7.5,1,16,2,41.34,,14.1,110,9,725,sw_0
SW_S19S.0093_U_2,20.99,2,NA,NA,0.14,0,2,1,30.67,0.04,0,7.5,1,16,2,41.6,,14.1,110,9,725,sw_0
SW_S19S.0093_U_3,22.98,2,NA,NA,0.13,0,2,1,29.63,0.04,0,7.5,1,16,2,37.72,,14.1,110,9,725,sw_0
SW_S19S.0094_U_1,6.21,1,-2.14,-3.8,0.02,4,2,1,0.5,0.04,0,6.5,1,1,2,1.31,,21.2,658,21,3001,sw_2
SW_S19S.0094_U_2,6.12,1,NA,NA,0.03,4,2,1,0.53,0.04,0,6.5,1,1,2,1.22,,21.2,658,21,3001,sw_2
SW_S19S.0094_U_3,6.14,1,NA,NA,0.03,4,2,1,0.58,0.04,0,6.5,1,1,2,1.2,,21.2,658,21,3001,sw_2
SW_S19S.0096_U_1,3.22,1,NA,NA,0.09,2,1,1,5.43,0.07,2,6.5,1,13,1,6.08,,18.4,209,12.2,837,sw_2
SW_S19S.0096_U_2,3.18,1,NA,NA,0.09,2,1,1,5.38,0.07,2,6.5,1,13,1,5.97,,18.4,209,12.2,837,sw_1
SW_S19S.0097_U_1,12.6,3,NA,NA,0.1,3,2,1,1.06,0.04,,8.49,0,15,3,14.24,5,16.9,1350,8.9,464,sw_0
SW_S19S.0097_U_2,12.38,3,NA,NA,0.09,3,2,1,1.05,0.04,,8.49,0,15,3,14.09,5,16.9,1350,8.9,464,sw_0
SW_S19S.0097_U_3,12.68,3,NA,NA,0.09,3,2,1,1.01,0.04,,8.49,0,15,3,14.21,5,16.9,1350,8.9,464,sw_2
SW_S19S.0098_U_1,1.14,1,-16.76,-124.5,0.05,14,2,1,0.65,0.04,,8.31,0,15,1,1.9,3,10.34,2165,3.3,449,sw_2
SW_S19S.0098_U_2,1.14,1,NA,NA,0.05,14,2,1,0.66,0.04,,8.31,0,15,1,2.02,3,10.34,2165,3.3,449,sw_2
SW_S19S.0098_U_3,1.11,1,NA,NA,0.05,14,2,1,0.66,0.04,,8.31,0,15,1,1.88,3,10.34,2165,3.3,449,sw_1
SW_S19S.0099_U_1,70.55,1,-16.08,-122.8,0.33,2,1,0,4.43,0.04,,7.5,0,9,1,47.79,7,27.3,160,11.8,1048,sw_0
SW_S19S.0099_U_2,68.35,1,NA,NA,0.29,2,1,0,4.64,0.04,,7.5,0,9,1,45.59,7,27.3,160,11.8,1048,sw_0
SW_S19S.0099_U_3,66.16,1,NA,NA,0.3,2,1,0,4.75,0.04,,7.5,0,9,1,44.37,7,27.3,160,11.8,1048,sw_0
SW_S19S.0100_U_1,0.22,1,-6.53,-43.3,0.09,17,1,1,0.12,0.04,8,7.24,1,5,1,34.62,2,14.2,2764,1,532,sw_1
SW_S19S.0100_U_3,0.2,1,NA,NA,0.06,17,1,1,0.12,0.04,8,7.24,1,5,1,34.8,2,14.2,2764,1,532,sw_0